{
        "name": "Stented Abdominal Aorta",
        "type": "uint16",
        "size": [512, 512, 174],
        "spacing": [0.8398, 0.8398, 3.2],
        "sha512sum": "b6f3ddccbb2a5585664a3173b86a034f12540f8d306a050074619d7c52780d6b7252757d754682e8b38c4419ac3c3caaab38e12628cbbf18b3814b239429155e",
        "description": "CT Scan of the abdomen and pelvis. The dataset contains also a stent in the abdominal aorta. No contrast agent was used to enhance the blood vessels.",
        "acknowledgement": "Michael Meißner, Viatronix Inc., USA",
        "url": "http://cdn.klacansky.com/open-scivis-datasets/stent/stent_512x512x174_uint16.raw"
}
