{
        "name": "Neghip",
        "type": "uint8",
        "size": [64, 64, 64],
        "spacing": [1, 1, 1],
        "sha512sum": "d00f95d1f4cb1da2f3260a722059527ace73514cd57e1c31b6724d18468fd81002f5da704a0c3c7ccf06a329a975dede38cfacf13387dea9ffd8d7542cae62d0",
        "description": "Simulation of the spatial probability distribution of the electrons in a high potential protein molecule.",
        "acknowledgement": "VolVis distribution of SUNY Stony Brook, NY, USA",
        "url": "http://cdn.klacansky.com/open-scivis-datasets/neghip/neghip_64x64x64_uint8.raw"
}
