{
        "name": "Spathorhynchus Fossorium",
        "type": "uint16",
        "size": [1024, 1024, 750],
        "spacing": [0.0215, 0.0215, 0.047],
        "sha512sum": "0d141311ce0bf7872f23c0f5d6989823624f6533cf1af56d5acfe9539114c6b2325fec028cb67c395def068c81ccf9fa5e987a8662a33f47e1580667eb327705",
        "description": "This specimen, the holotype, was collected from the Middle Eocene Green River Formation of Sweetwater County, Wyoming on 27 July 1967 by Frank L. Pearce. The specimen was scanned along the coronal axis for a total of 750 slices. Each 1024x1024 pixel slice is 0.047 mm thick, with an interslice spacing of 0.047 mm and a field of reconstruction of 22 mm.",
        "acknowledgement": "Matthew Colbert, 17 February 2005",
        "url": "http://cdn.klacansky.com/open-scivis-datasets/spathorhynchus/spathorhynchus_1024x1024x750_uint16.raw"
}
