{
        "name": "Head MRT Angiography",
        "type": "uint16",
        "size": [416, 512, 112],
        "spacing": [0.412, 0.412, 0.412],
        "sha512sum": "81ee88eabd067b7929a5337d7c709b0b44408394a40318aae917df8b8a72735d3766105c1580938da6ab1670315f93cbc92bb940ae988e6c72b7157c9018d7c4",
        "description": "3T MRT Time-of-Flight Angiography dataset of a human head. The dataset has been resampled into an isotropic voxel grid (hence the peculiar slice size).",
        "acknowledgement": "Özlem Gürvit, Institute for Neuroradiology, Frankfurt, Germany",
        "url": "http://cdn.klacansky.com/open-scivis-datasets/mrt_angio/mrt_angio_416x512x112_uint16.raw"
}
