{
        "name": "Aneurism",
        "type": "uint8",
        "size": [256, 256, 256],
        "spacing": [1, 1, 1],
        "sha512sum": "31f1232cbf75b0182f172375e46cc57fe013c0edaae292f2358e2477052ca974faae92efd803a2d229172b851b5ddaa461129872b89bd6ce45d43bfe595eed43",
        "description": "Rotational C-arm x-ray scan of the arteries of the right half of a human head. A contrast agent was injected into the blood and an aneurism is present.",
        "acknowledgement": "Philips Research, Hamburg, Germany",
        "url": "http://cdn.klacansky.com/open-scivis-datasets/aneurism/aneurism_256x256x256_uint8.raw"
}
