{
        "name": "Richtmyer-Meshkov Instability",
        "type": "uint8",
        "size": [2048, 2048, 1920],
        "spacing": [1, 1, 1],
        "sha512sum": "bf2501e0f035556fa678e683e767028c5d7242baf1f867043ccd01c57d248f290c8b9ab01c1e7a6dd4ebe875ba31ae11dfef4b32c056514d11111d94ae26e080",
        "description": "Entropy field (timestep 160) of Richtmyer-Meshkov instability simulation.",
        "acknowledgement": "Three-dimensional simulation of a Richtmyer–Meshkov instability with a two-scale initial perturbation, Ronald H. Cohen, William P. Dannevik, Andris M. Dimits, Donald E. Eliason, Arthur A. Mirin, and Ye Zhou",
        "url": "http://cdn.klacansky.com/open-scivis-datasets/richtmyer_meshkov/richtmyer_meshkov_2048x2048x1920_uint8.raw"
}
